{
  "questions": [
    {"id":"q1","question":"What is 2 + 2?","options":["3","4","5","6"],"answer":1,"topic":"math","explanation":"2 + 2 equals 4."},
    {"id":"q2","question":"What is the capital of France?","options":["Berlin","Madrid","Paris","Rome"],"answer":2,"topic":"geography","explanation":"Paris is the capital city of France."},
    {"id":"q3","question":"Which planet is known as the Red Planet?","options":["Earth","Mars","Jupiter","Venus"],"answer":1,"topic":"science","explanation":"Mars is called the Red Planet because of iron oxide (rust) on its surface."},
    {"id":"q4","question":"What is the chemical symbol for water?","options":["WO","H2O","O2","HO2"],"answer":1,"topic":"science","explanation":"Water is composed of two hydrogen atoms and one oxygen atom: H2O."},
    {"id":"q5","question":"Who wrote 'Romeo and Juliet'?","options":["Charles Dickens","William Shakespeare","Mark Twain","Jane Austen"],"answer":1,"topic":"literature","explanation":"William Shakespeare is the author of Romeo and Juliet."},
    {"id":"q6","question":"What is 10 * 5?","options":["50","100","15","40"],"answer":0,"topic":"math","explanation":"10 multiplied by 5 equals 50."},
    {"id":"q7","question":"Which gas do plants primarily absorb?","options":["Oxygen","Nitrogen","Carbon dioxide","Helium"],"answer":2,"topic":"science","explanation":"Plants absorb carbon dioxide (CO2) for photosynthesis."},
    {"id":"q8","question":"Which country has the largest land area?","options":["China","United States","Russia","Canada"],"answer":2,"topic":"geography","explanation":"Russia has the largest land area of any country."},
    {"id":"q9","question":"What language is primarily spoken in Brazil?","options":["Spanish","Portuguese","French","English"],"answer":1,"topic":"geography","explanation":"Portuguese is the official and primary language of Brazil."},
    {"id":"q10","question":"What is the square root of 81?","options":["7","8","9","10"],"answer":2,"topic":"math","explanation":"The square root of 81 is 9."},
    {"id":"q11","question":"Who proposed the theory of relativity?","options":["Isaac Newton","Albert Einstein","Galileo Galilei","Niels Bohr"],"answer":1,"topic":"science","explanation":"Albert Einstein developed the theory of relativity."},
    {"id":"q12","question":"Which ocean is the largest?","options":["Atlantic","Indian","Arctic","Pacific"],"answer":3,"topic":"geography","explanation":"The Pacific Ocean is the largest ocean on Earth."},
    {"id":"q13","question":"What is the boiling point of water at sea level in Celsius?","options":["50°C","100°C","0°C","212°C"],"answer":1,"topic":"science","explanation":"At sea level water boils at 100°C (212°F)."},
    {"id":"q14","question":"What is 15 - 7?","options":["6","7","8","9"],"answer":2,"topic":"math","explanation":"15 minus 7 equals 8."},
    {"id":"q15","question":"Who painted the Mona Lisa?","options":["Pablo Picasso","Leonardo da Vinci","Vincent van Gogh","Claude Monet"],"answer":1,"topic":"art","explanation":"Leonardo da Vinci painted the Mona Lisa."},
    {"id":"q16","question":"Which element has atomic number 1?","options":["Helium","Oxygen","Hydrogen","Carbon"],"answer":2,"topic":"science","explanation":"Hydrogen has atomic number 1."},
    {"id":"q17","question":"Which city is the capital of Japan?","options":["Osaka","Kyoto","Tokyo","Nagoya"],"answer":2,"topic":"geography","explanation":"Tokyo is the capital city of Japan."},
    {"id":"q18","question":"What is 12 / 3?","options":["3","4","6","9"],"answer":1,"topic":"math","explanation":"12 divided by 3 equals 4."},
    {"id":"q19","question":"Which organ pumps blood through the body?","options":["Liver","Lungs","Heart","Kidneys"],"answer":2,"topic":"science","explanation":"The heart pumps blood throughout the circulatory system."},
    {"id":"q20","question":"Who discovered penicillin?","options":["Alexander Fleming","Marie Curie","Louis Pasteur","Gregor Mendel"],"answer":0,"topic":"history","explanation":"Alexander Fleming discovered penicillin in 1928."},
    {"id":"q21","question":"In computing, what does 'CPU' stand for?","options":["Central Processing Unit","Computer Personal Unit","Central Program Unit","Control Processing Unit"],"answer":0,"topic":"programming","explanation":"CPU stands for Central Processing Unit, the main processor of a computer."},
    {"id":"q22","question":"What is the largest planet in our solar system?","options":["Saturn","Jupiter","Neptune","Earth"],"answer":1,"topic":"science","explanation":"Jupiter is the largest planet in the solar system."},
    {"id":"q23","question":"What year did the first man land on the Moon?","options":["1965","1969","1972","1959"],"answer":1,"topic":"history","explanation":"The first Moon landing (Apollo 11) was in 1969."},
    {"id":"q24","question":"Which metal is liquid at room temperature?","options":["Iron","Mercury","Aluminum","Gold"],"answer":1,"topic":"science","explanation":"Mercury is liquid at typical room temperature."},
    {"id":"q25","question":"What is the derivative of x^2?","options":["x","2x","x^2","2"],"answer":1,"topic":"math","explanation":"The derivative of x^2 with respect to x is 2x."},
    {"id":"q26","question":"Which country invented pizza?","options":["France","Greece","Italy","United States"],"answer":2,"topic":"culture","explanation":"Modern pizza as known today originated in Italy, particularly Naples."},
    {"id":"q27","question":"Which language is used for web page structure?","options":["Python","HTML","C++","Java"],"answer":1,"topic":"programming","explanation":"HTML (HyperText Markup Language) defines the structure of web pages."},
    {"id":"q28","question":"What is the primary function of red blood cells?","options":["Fight infection","Clot blood","Carry oxygen","Produce hormones"],"answer":2,"topic":"science","explanation":"Red blood cells transport oxygen from the lungs to tissues."},
    {"id":"q29","question":"Which continent is Egypt in?","options":["Asia","Europe","Africa","South America"],"answer":2,"topic":"geography","explanation":"Egypt is located in North Africa (partly in the Sinai Peninsula in Asia)."},
    {"id":"q30","question":"What is 7 * 6?","options":["42","36","48","56"],"answer":0,"topic":"math","explanation":"7 multiplied by 6 equals 42."},
    {"id":"q31","question":"Who is known as the father of computers?","options":["Alan Turing","Charles Babbage","Tim Berners-Lee","John von Neumann"],"answer":1,"topic":"history","explanation":"Charles Babbage is often called the 'father of the computer' for his early mechanical designs."},
    {"id":"q32","question":"Which vitamin is produced when skin is exposed to sunlight?","options":["Vitamin A","Vitamin B12","Vitamin C","Vitamin D"],"answer":3,"topic":"science","explanation":"Skin synthesizes vitamin D when exposed to sunlight (UVB radiation)."},
    {"id":"q33","question":"Which river runs through London?","options":["Seine","Thames","Danube","Rhine"],"answer":1,"topic":"geography","explanation":"The River Thames flows through London."},
    {"id":"q34","question":"What does 'HTTP' stand for?","options":["HyperText Transfer Protocol","HighText Transfer Protocol","Hyperlink Transfer Protocol","HyperText Transmission Protocol"],"answer":0,"topic":"programming","explanation":"HTTP stands for HyperText Transfer Protocol, used for web communication."},
    {"id":"q35","question":"What is the capital of India?","options":["Mumbai","Kolkata","New Delhi","Bengaluru"],"answer":2,"topic":"geography","explanation":"New Delhi is the capital of India."},
    {"id":"q36","question":"Which planet has a ring system?","options":["Mars","Venus","Saturn","Mercury"],"answer":2,"topic":"science","explanation":"Saturn is famous for its prominent ring system."},
    {"id":"q37","question":"What is 100 in binary?","options":["2","4","6","8"],"answer":1,"topic":"programming","explanation":"Binary 100 equals 4 in decimal."},
    {"id":"q38","question":"Who wrote '1984'?","options":["George Orwell","Aldous Huxley","J.R.R. Tolkien","F. Scott Fitzgerald"],"answer":0,"topic":"literature","explanation":"George Orwell is the author of the novel 1984."},
    {"id":"q39","question":"Which gas is most abundant in Earth's atmosphere?","options":["Oxygen","Carbon dioxide","Nitrogen","Hydrogen"],"answer":2,"topic":"science","explanation":"Nitrogen makes up about 78% of Earth's atmosphere."},
    {"id":"q40","question":"What is the freezing point of water in Fahrenheit?","options":["0°F","32°F","100°F","212°F"],"answer":1,"topic":"science","explanation":"Water freezes at 32°F (0°C)."},
    {"id":"q41","question":"Which country hosted the 2016 Summer Olympics?","options":["China","Brazil","UK","Russia"],"answer":1,"topic":"sports","explanation":"The 2016 Summer Olympics were held in Rio de Janeiro, Brazil."},
    {"id":"q42","question":"What is the capital of Australia?","options":["Sydney","Melbourne","Canberra","Perth"],"answer":2,"topic":"geography","explanation":"Canberra is the capital of Australia."},
    {"id":"q43","question":"Which instrument measures atmospheric pressure?","options":["Thermometer","Barometer","Hygrometer","Anemometer"],"answer":1,"topic":"science","explanation":"A barometer measures atmospheric pressure."},
    {"id":"q44","question":"What is 9^2?","options":["81","72","91","99"],"answer":0,"topic":"math","explanation":"9 squared (9^2) equals 81."},
    {"id":"q45","question":"Which language is used to style web pages?","options":["HTML","CSS","Python","SQL"],"answer":1,"topic":"programming","explanation":"CSS (Cascading Style Sheets) is used to style web pages."},
    {"id":"q46","question":"Who painted 'Starry Night'?","options":["Claude Monet","Vincent van Gogh","Salvador Dalí","Edvard Munch"],"answer":1,"topic":"art","explanation":"Vincent van Gogh painted Starry Night."},
    {"id":"q47","question":"Which element is needed for respiration in animals?","options":["Nitrogen","Carbon dioxide","Oxygen","Helium"],"answer":2,"topic":"science","explanation":"Animals require oxygen for cellular respiration."},
    {"id":"q48","question":"What is the value of pi (approx)?","options":["2.14","3.14","3.41","4.13"],"answer":1,"topic":"math","explanation":"Pi is approximately 3.14."},
    {"id":"q49","question":"Which year did World War II end?","options":["1942","1945","1950","1939"],"answer":1,"topic":"history","explanation":"World War II ended in 1945."},
    {"id":"q50","question":"What does 'SQL' primarily query?","options":["Web pages","Databases","Images","Audio"],"answer":1,"topic":"programming","explanation":"SQL is used to query and manage relational databases."},
    {"id":"q51","question":"What is 5 factorial (5!)?","options":["60","120","24","720"],"answer":1,"topic":"math","explanation":"5! = 5×4×3×2×1 = 120."},
    {"id":"q52","question":"Which planet is closest to the Sun?","options":["Mercury","Venus","Earth","Mars"],"answer":0,"topic":"science","explanation":"Mercury is the closest planet to the Sun."},
    {"id":"q53","question":"Which metal is best conductor of electricity?","options":["Iron","Copper","Aluminum","Lead"],"answer":1,"topic":"science","explanation":"Copper is commonly used because it is an excellent conductor of electricity."},
    {"id":"q54","question":"What is the smallest prime number?","options":["0","1","2","3"],"answer":2,"topic":"math","explanation":"The smallest prime number is 2."},
    {"id":"q55","question":"Which continent has the most countries?","options":["Africa","Europe","Asia","South America"],"answer":0,"topic":"geography","explanation":"Africa has the largest number of countries of any continent."},
    {"id":"q56","question":"Who invented the telephone?","options":["Thomas Edison","Alexander Graham Bell","Nikola Tesla","Guglielmo Marconi"],"answer":1,"topic":"history","explanation":"Alexander Graham Bell is credited with inventing the first practical telephone."},
    {"id":"q57","question":"What is the chemical formula for table salt?","options":["NaCl","KCl","Na2O","Cl2"],"answer":0,"topic":"science","explanation":"Table salt is sodium chloride, NaCl."},
    {"id":"q58","question":"Which programming language uses indentation for blocks?","options":["C","Java","Python","Ruby"],"answer":2,"topic":"programming","explanation":"Python uses indentation to define code blocks."},
    {"id":"q59","question":"What is the capital of Canada?","options":["Toronto","Vancouver","Ottawa","Montreal"],"answer":2,"topic":"geography","explanation":"Ottawa is the capital city of Canada."},
    {"id":"q60","question":"What is 14 + 28?","options":["42","40","44","38"],"answer":0,"topic":"math","explanation":"14 plus 28 equals 42."},
    {"id":"q61","question":"Which inventor is associated with alternating current (AC) power?","options":["Thomas Edison","Alexander Bell","Nikola Tesla","James Watt"],"answer":2,"topic":"history","explanation":"Nikola Tesla developed and promoted alternating current (AC) electrical systems."},
    {"id":"q62","question":"Which organ is primarily responsible for detoxifying chemicals and metabolizing drugs?","options":["Kidney","Liver","Pancreas","Spleen"],"answer":1,"topic":"science","explanation":"The liver detoxifies chemicals and metabolizes many drugs."},
    {"id":"q63","question":"What is the largest desert on Earth?","options":["Sahara","Gobi","Arctic","Antarctic"],"answer":3,"topic":"geography","explanation":"The Antarctic is the largest desert by area (polar desert)."},
    {"id":"q64","question":"Which data structure uses LIFO order?","options":["Queue","Stack","Tree","Graph"],"answer":1,"topic":"programming","explanation":"A stack follows Last-In, First-Out (LIFO) order."},
    {"id":"q65","question":"Who wrote 'Pride and Prejudice'?","options":["Charlotte Brontë","Jane Austen","Emily Brontë","Mary Shelley"],"answer":1,"topic":"literature","explanation":"Jane Austen is the author of Pride and Prejudice."},
    {"id":"q66","question":"What is the atomic number of carbon?","options":["6","8","12","14"],"answer":0,"topic":"science","explanation":"Carbon has atomic number 6."},
    {"id":"q67","question":"Which city is known as the Big Apple?","options":["Los Angeles","Chicago","New York City","Miami"],"answer":2,"topic":"geography","explanation":"New York City is commonly nicknamed the Big Apple."},
    {"id":"q68","question":"What does 'AI' stand for?","options":["Automatic Interface","Artificial Intelligence","Advanced Internet","Applied Interaction"],"answer":1,"topic":"programming","explanation":"AI stands for Artificial Intelligence."},
    {"id":"q69","question":"Which century was the year 1800 in?","options":["18th","19th","17th","20th"],"answer":1,"topic":"history","explanation":"Technically 1800 is the last year of the 18th century; 1801–1900 make up the 19th century (history uses ordinal-century counting)."},
    {"id":"q70","question":"What is 2^8?","options":["128","256","64","512"],"answer":2,"topic":"math","explanation":"2 to the power of 8 equals 256."},
    {"id":"q71","question":"Which vitamin helps with blood clotting?","options":["Vitamin A","Vitamin K","Vitamin C","Vitamin D"],"answer":1,"topic":"science","explanation":"Vitamin K plays a key role in blood clotting."},
    {"id":"q72","question":"Which country is home to the Great Barrier Reef?","options":["South Africa","Australia","USA","India"],"answer":1,"topic":"geography","explanation":"The Great Barrier Reef is located off the coast of Australia."},
    {"id":"q73","question":"What is the main language of programming for Android apps (historically)?","options":["Swift","Kotlin/Java","C#","Ruby"],"answer":1,"topic":"programming","explanation":"Historically Java (and more recently Kotlin) have been the main languages for Android development."},
    {"id":"q74","question":"Who was the first President of the United States?","options":["Abraham Lincoln","George Washington","Thomas Jefferson","John Adams"],"answer":1,"topic":"history","explanation":"George Washington was the first President of the United States."},
    {"id":"q75","question":"What is 11 * 11?","options":["111","121","131","101"],"answer":1,"topic":"math","explanation":"11 times 11 equals 121."},
    {"id":"q76","question":"Which instrument is used to measure temperature?","options":["Barometer","Thermometer","Hygrometer","Seismometer"],"answer":1,"topic":"science","explanation":"A thermometer measures temperature."},
    {"id":"q77","question":"Which element has the symbol 'Fe'?","options":["Fluorine","Iron","Francium","Fermium"],"answer":1,"topic":"science","explanation":"Fe is the chemical symbol for iron."},
    {"id":"q78","question":"What is the capital of Russia?","options":["Moscow","Saint Petersburg","Kiev","Minsk"],"answer":0,"topic":"geography","explanation":"Moscow is the capital of Russia."},
    {"id":"q79","question":"Which sorting algorithm has average-case O(n log n)?","options":["Bubble sort","Insertion sort","Merge sort","Selection sort"],"answer":2,"topic":"programming","explanation":"Merge sort has average-case time complexity O(n log n)."},
    {"id":"q80","question":"Which novel features the character 'Atticus Finch'?","options":["To Kill a Mockingbird","The Great Gatsby","Moby Dick","Hamlet"],"answer":0,"topic":"literature","explanation":"Atticus Finch is a central character in To Kill a Mockingbird by Harper Lee."},
    {"id":"q81","question":"What is 3.14 rounded to two decimal places?","options":["3.14","3.15","3.13","3.12"],"answer":0,"topic":"math","explanation":"3.14 already has two decimal places; rounded to two decimals it is 3.14."},
    {"id":"q82","question":"Which planet is known for its blue color due to methane?","options":["Jupiter","Uranus","Saturn","Venus"],"answer":1,"topic":"science","explanation":"Uranus appears blue-green because of methane in its atmosphere."},
    {"id":"q83","question":"What does 'URL' stand for?","options":["Uniform Resource Locator","Universal Reference Link","Uniform Reference Locator","Unique Resource Locator"],"answer":0,"topic":"programming","explanation":"URL stands for Uniform Resource Locator."},
    {"id":"q84","question":"Which blood type is the universal donor?","options":["A","B","AB","O"],"answer":3,"topic":"science","explanation":"Type O negative is typically considered the universal donor for red blood cells."},
    {"id":"q85","question":"What is the capital of Germany?","options":["Munich","Frankfurt","Berlin","Hamburg"],"answer":2,"topic":"geography","explanation":"Berlin is the capital of Germany."},
    {"id":"q86","question":"Who developed the theory of evolution by natural selection?","options":["Gregor Mendel","Charles Darwin","Louis Pasteur","Alfred Nobel"],"answer":1,"topic":"science","explanation":"Charles Darwin proposed the theory of evolution by natural selection."},
    {"id":"q87","question":"What is the value of 0! (zero factorial)?","options":["0","1","Undefined","Infinity"],"answer":1,"topic":"math","explanation":"By definition 0! equals 1."},
    {"id":"q88","question":"Which country is known as the Land of the Rising Sun?","options":["China","Japan","Thailand","South Korea"],"answer":1,"topic":"geography","explanation":"Japan is commonly called the Land of the Rising Sun."},
    {"id":"q89","question":"Which device converts AC to DC?","options":["Transformer","Rectifier","Inverter","Oscillator"],"answer":1,"topic":"engineering","explanation":"A rectifier converts alternating current (AC) to direct current (DC)."},
    {"id":"q90","question":"What is 18 - 9?","options":["9","8","7","10"],"answer":0,"topic":"math","explanation":"18 minus 9 equals 9."},
    {"id":"q91","question":"Which programming paradigm focuses on objects and classes?","options":["Functional programming","Procedural programming","Object-oriented programming","Logic programming"],"answer":2,"topic":"programming","explanation":"Object-oriented programming organizes code around objects and classes."},
    {"id":"q92","question":"What is the largest mammal?","options":["Elephant","Blue whale","Giraffe","Hippopotamus"],"answer":1,"topic":"science","explanation":"The blue whale is the largest mammal on Earth."},
    {"id":"q93","question":"Which ancient wonder was located in Egypt?","options":["Hanging Gardens","Colossus of Rhodes","Great Pyramid of Giza","Lighthouse of Alexandria"],"answer":2,"topic":"history","explanation":"The Great Pyramid of Giza is the Egyptian wonder among the classical Seven Wonders."},
    {"id":"q94","question":"What is the formula for the area of a circle?","options":["πr","2πr","πr^2","π/ r^2"],"answer":2,"topic":"math","explanation":"The area of a circle is π × r^2 (pi times radius squared)."},
    {"id":"q95","question":"Which metal is primarily used in electrical wiring?","options":["Gold","Copper","Silver","Lead"],"answer":1,"topic":"engineering","explanation":"Copper is widely used in electrical wiring due to its conductivity and cost."},
    {"id":"q96","question":"What is 45 degrees Celsius in Kelvin (approx)?","options":["318 K","273 K","298 K","350 K"],"answer":0,"topic":"science","explanation":"To convert Celsius to Kelvin add 273.15: 45°C ≈ 318 K."},
    {"id":"q97","question":"Which US state is known as the Sunshine State?","options":["California","Florida","Texas","Arizona"],"answer":1,"topic":"geography","explanation":"Florida is commonly nicknamed the Sunshine State."},
    {"id":"q98","question":"Which mathematical sequence starts 0,1,1,2,3,5?","options":["Prime numbers","Fibonacci sequence","Triangular numbers","Square numbers"],"answer":1,"topic":"math","explanation":"This is the Fibonacci sequence, where each term is the sum of the two preceding terms."},
    {"id":"q99","question":"What does 'CSS' stand for?","options":["Cascading Style Sheets","Computer Style Syntax","Creative Style System","Coded Style Script"],"answer":0,"topic":"programming","explanation":"CSS stands for Cascading Style Sheets, used for styling web pages."},
    {"id":"q100","question":"Which scientist is famous for laws of motion?","options":["Albert Einstein","Isaac Newton","Galileo Galilei","Johannes Kepler"],"answer":1,"topic":"science","explanation":"Isaac Newton formulated the classical laws of motion."},

    {"id":"q101","question":"What is the capital of Italy?","options":["Rome","Milan","Naples","Venice"],"answer":0,"topic":"geography","explanation":"Rome is the capital of Italy."},
    {"id":"q102","question":"Which element's chemical symbol is 'Au'?","options":["Silver","Gold","Argon","Astatine"],"answer":1,"topic":"science","explanation":"Au is the chemical symbol for gold."},
    {"id":"q103","question":"What is 20% of 150?","options":["20","30","25","35"],"answer":1,"topic":"math","explanation":"20% of 150 is 0.2 × 150 = 30."},
    {"id":"q104","question":"Which city hosted the 2008 Summer Olympics?","options":["Beijing","London","Rio de Janeiro","Athens"],"answer":0,"topic":"sports","explanation":"Beijing hosted the 2008 Summer Olympics."},
    {"id":"q105","question":"In computing, what does 'RAM' stand for?","options":["Random Access Memory","Readily Available Memory","Rapid Access Module","Remote Access Memory"],"answer":0,"topic":"programming","explanation":"RAM stands for Random Access Memory."},
    {"id":"q106","question":"Who is the author of 'Hamlet'?","options":["William Shakespeare","Charles Dickens","Leo Tolstoy","Mark Twain"],"answer":0,"topic":"literature","explanation":"William Shakespeare wrote Hamlet."},
    {"id":"q107","question":"Which gas is essential for combustion?","options":["Nitrogen","Oxygen","Carbon dioxide","Hydrogen"],"answer":1,"topic":"science","explanation":"Oxygen supports combustion."},
    {"id":"q108","question":"What is the largest organ in the human body?","options":["Liver","Skin","Heart","Lungs"],"answer":1,"topic":"science","explanation":"The skin is the body's largest organ."},
    {"id":"q109","question":"What is the capital of Spain?","options":["Barcelona","Seville","Madrid","Valencia"],"answer":2,"topic":"geography","explanation":"Madrid is Spain's capital."},
    {"id":"q110","question":"What is 3 * 13?","options":["39","36","42","33"],"answer":0,"topic":"math","explanation":"3 times 13 equals 39."},
    {"id":"q111","question":"Which planet is known for its Great Red Spot?","options":["Earth","Mars","Jupiter","Saturn"],"answer":2,"topic":"science","explanation":"Jupiter's Great Red Spot is a giant storm."},
    {"id":"q112","question":"Who painted the Sistine Chapel ceiling?","options":["Michelangelo","Raphael","Donatello","Leonardo da Vinci"],"answer":0,"topic":"art","explanation":"Michelangelo painted the Sistine Chapel ceiling."},
    {"id":"q113","question":"What is the chemical symbol for sodium?","options":["S","So","Na","Sd"],"answer":2,"topic":"science","explanation":"Na is the chemical symbol for sodium."},
    {"id":"q114","question":"Which country is known for the maple leaf symbol?","options":["USA","Canada","Australia","New Zealand"],"answer":1,"topic":"geography","explanation":"Canada uses the maple leaf as a national symbol."},
    {"id":"q115","question":"What is the basic unit of life?","options":["Tissue","Organ","Cell","Molecule"],"answer":2,"topic":"science","explanation":"The cell is the basic unit of life."},
    {"id":"q116","question":"Which language is primarily spoken in Argentina?","options":["Portuguese","Spanish","Italian","French"],"answer":1,"topic":"geography","explanation":"Spanish is Argentina's primary language."},
    {"id":"q117","question":"What does 'JSON' stand for?","options":["JavaScript Object Notation","Java Source Object Notation","Java Simple Object Notation","Joint Standard Object Notation"],"answer":0,"topic":"programming","explanation":"JSON stands for JavaScript Object Notation."},
    {"id":"q118","question":"What is H2SO4 commonly known as?","options":["Hydrochloric acid","Sulfuric acid","Nitric acid","Acetic acid"],"answer":1,"topic":"science","explanation":"H2SO4 is sulfuric acid."},
    {"id":"q119","question":"What is the capital of Portugal?","options":["Lisbon","Porto","Faro","Coimbra"],"answer":0,"topic":"geography","explanation":"Lisbon is Portugal's capital."},
    {"id":"q120","question":"What is 45 / 9?","options":["4","5","6","7"],"answer":1,"topic":"math","explanation":"45 divided by 9 equals 5."},
    {"id":"q121","question":"Which composer wrote the 'Fifth Symphony' famously?","options":["Mozart","Beethoven","Bach","Vivaldi"],"answer":1,"topic":"music","explanation":"Ludwig van Beethoven composed the famous Fifth Symphony."},
    {"id":"q122","question":"Which organelle is the powerhouse of the cell?","options":["Nucleus","Mitochondrion","Ribosome","Golgi apparatus"],"answer":1,"topic":"science","explanation":"Mitochondria generate most of a cell's ATP energy."},
    {"id":"q123","question":"Which country uses the Yen as currency?","options":["China","Japan","South Korea","Thailand"],"answer":1,"topic":"geography","explanation":"Japan's currency is the Yen."},
    {"id":"q124","question":"What does 'GPU' stand for?","options":["General Processing Unit","Graphical Processing Unit","Graphics Performance Unit","General Purpose Unit"],"answer":1,"topic":"programming","explanation":"GPU stands for Graphics Processing Unit."},
    {"id":"q125","question":"Who discovered gravity with the falling apple anecdote?","options":["Galileo Galilei","Isaac Newton","Albert Einstein","Johannes Kepler"],"answer":1,"topic":"history","explanation":"Isaac Newton is associated with the falling apple story and gravity."},
    {"id":"q126","question":"Which metal has the highest melting point?","options":["Iron","Tungsten","Gold","Silver"],"answer":1,"topic":"science","explanation":"Tungsten has one of the highest melting points of pure metals."},
    {"id":"q127","question":"Which continent is Argentina on?","options":["Africa","Europe","South America","Asia"],"answer":2,"topic":"geography","explanation":"Argentina is in South America."},
    {"id":"q128","question":"What is 2 + 3 * 4?","options":["20","14","10","12"],"answer":1,"topic":"math","explanation":"Order of operations: 3*4=12, plus 2 = 14."},
    {"id":"q129","question":"What is the main gas found in natural gas?","options":["Oxygen","Methane","Carbon dioxide","Nitrogen"],"answer":1,"topic":"science","explanation":"Methane is the primary component of natural gas."},
    {"id":"q130","question":"Which instrument has keys, pedals and strings?","options":["Guitar","Violin","Piano","Flute"],"answer":2,"topic":"music","explanation":"The piano has keys, strings and pedals."},
    {"id":"q131","question":"Which city is known as the City of Light?","options":["Paris","Rome","Athens","Prague"],"answer":0,"topic":"geography","explanation":"Paris is nicknamed the City of Light."},
    {"id":"q132","question":"What is the chemical symbol for iron?","options":["Ir","I","Fe","Fr"],"answer":2,"topic":"science","explanation":"Fe is the chemical symbol for iron."},
    {"id":"q133","question":"What is 17 + 25?","options":["42","40","44","39"],"answer":0,"topic":"math","explanation":"17 plus 25 equals 42."},
    {"id":"q134","question":"Which programming language is strongly associated with statistical computing?","options":["Ruby","R","Go","Rust"],"answer":1,"topic":"programming","explanation":"R is widely used for statistical computing and data analysis."},
    {"id":"q135","question":"Who painted The Last Supper?","options":["Leonardo da Vinci","Michelangelo","Raphael","Titian"],"answer":0,"topic":"art","explanation":"Leonardo da Vinci painted The Last Supper."},
    {"id":"q136","question":"Which planet is known for extreme tilt and seasons?","options":["Earth","Uranus","Mars","Mercury"],"answer":1,"topic":"science","explanation":"Uranus has an extreme axial tilt causing unusual seasons."},
    {"id":"q137","question":"What is the largest bone in the human body?","options":["Femur","Tibia","Humerus","Skull"],"answer":0,"topic":"science","explanation":"The femur (thigh bone) is the largest bone."},
    {"id":"q138","question":"Which country is famous for tango music and dance?","options":["Chile","Argentina","Brazil","Peru"],"answer":1,"topic":"culture","explanation":"Tango originated in Argentina."},
    {"id":"q139","question":"What is 2.5 * 4?","options":["10","8","9","12"],"answer":0,"topic":"math","explanation":"2.5 times 4 equals 10."},
    {"id":"q140","question":"Which scientist is associated with the three laws of motion?","options":["Newton","Faraday","Maxwell","Darwin"],"answer":0,"topic":"science","explanation":"Isaac Newton formulated the three laws of motion."},
    {"id":"q141","question":"Which programming construct repeats code while a condition is true?","options":["If statement","For loop","While loop","Switch"],"answer":2,"topic":"programming","explanation":"A while loop repeats while a condition remains true."},
    {"id":"q142","question":"What is the capital of Egypt?","options":["Cairo","Alexandria","Giza","Luxor"],"answer":0,"topic":"geography","explanation":"Cairo is the capital of Egypt."},
    {"id":"q143","question":"Which gas causes the greenhouse effect?","options":["Oxygen","Nitrogen","Carbon dioxide","Helium"],"answer":2,"topic":"science","explanation":"Carbon dioxide is a major greenhouse gas contributing to the greenhouse effect."},
    {"id":"q144","question":"What is the smallest country by area?","options":["Monaco","Vatican City","Liechtenstein","San Marino"],"answer":1,"topic":"geography","explanation":"Vatican City is the smallest country by area."},
    {"id":"q145","question":"What is the value of 1 kilometer in meters?","options":["100","1000","10,000","1,000,000"],"answer":1,"topic":"math","explanation":"1 kilometer equals 1000 meters."},
    {"id":"q146","question":"Which inventor is associated with the light bulb?","options":["Nikola Tesla","Alexander Graham Bell","Thomas Edison","Guglielmo Marconi"],"answer":2,"topic":"history","explanation":"Thomas Edison is commonly credited with inventing a commercially practical light bulb."},
    {"id":"q147","question":"What is the chemical formula for carbon dioxide?","options":["CO","CO2","C2O","O2C"],"answer":1,"topic":"science","explanation":"Carbon dioxide has the formula CO2."},
    {"id":"q148","question":"Which programming language is compiled to bytecode and runs on the JVM?","options":["C","Python","Java","JavaScript"],"answer":2,"topic":"programming","explanation":"Java is compiled to JVM bytecode."},
    {"id":"q149","question":"Which mountain is the highest in the world above sea level?","options":["K2","Mount Everest","Kangchenjunga","Lhotse"],"answer":1,"topic":"geography","explanation":"Mount Everest is the highest peak above sea level."},
    {"id":"q150","question":"What is 8 squared?","options":["16","32","64","8"],"answer":2,"topic":"math","explanation":"8 squared (8^2) equals 64."},
    {"id":"q151","question":"Which organ filters blood to produce urine?","options":["Liver","Pancreas","Kidneys","Spleen"],"answer":2,"topic":"science","explanation":"Kidneys filter blood and produce urine."},
    {"id":"q152","question":"Who wrote 'The Odyssey'?","options":["Homer","Virgil","Sophocles","Euripides"],"answer":0,"topic":"literature","explanation":"Homer is traditionally credited with composing The Odyssey."},
    {"id":"q153","question":"What is the capital of South Korea?","options":["Busan","Seoul","Incheon","Daegu"],"answer":1,"topic":"geography","explanation":"Seoul is the capital of South Korea."},
    {"id":"q154","question":"Which metal is used to galvanize steel to prevent rust?","options":["Aluminum","Zinc","Copper","Tin"],"answer":1,"topic":"engineering","explanation":"Zinc is used to galvanize steel and protect it from corrosion."},
    {"id":"q155","question":"What is the pH of pure water at 25°C?","options":["0","7","14","1"],"answer":1,"topic":"science","explanation":"Pure water has a pH around 7 at 25°C (neutral)."},
    {"id":"q156","question":"Which programming language is primarily used for iOS app development?","options":["Kotlin","Swift","C#","PHP"],"answer":1,"topic":"programming","explanation":"Swift is the modern primary language for iOS development."},
    {"id":"q157","question":"Which country is known for tulips and windmills?","options":["Belgium","Netherlands","Denmark","Sweden"],"answer":1,"topic":"culture","explanation":"The Netherlands is famous for tulips and traditional windmills."},
    {"id":"q158","question":"What gas do humans exhale?","options":["Oxygen","Nitrogen","Carbon dioxide","Hydrogen"],"answer":2,"topic":"science","explanation":"Humans exhale carbon dioxide as a waste product of respiration."},
    {"id":"q159","question":"What is 60 minutes equal to?","options":["0.5 hours","1 hour","90 minutes","120 minutes"],"answer":1,"topic":"math","explanation":"60 minutes equals 1 hour."},
    {"id":"q160","question":"Who developed the theory of general relativity?","options":["Isaac Newton","Albert Einstein","Niels Bohr","Max Planck"],"answer":1,"topic":"science","explanation":"Albert Einstein developed general relativity."},
    {"id":"q161","question":"Which element has the symbol 'Na'?","options":["Nitrogen","Sodium","Neon","Nickel"],"answer":1,"topic":"science","explanation":"Na is the symbol for sodium."},
    {"id":"q162","question":"What is the capital of Turkey?","options":["Istanbul","Ankara","Izmir","Bursa"],"answer":1,"topic":"geography","explanation":"Ankara is the capital of Turkey."},
    {"id":"q163","question":"Which device is used to measure electric current?","options":["Voltmeter","Ammeter","Ohmmeter","Wattmeter"],"answer":1,"topic":"engineering","explanation":"An ammeter measures electric current."},
    {"id":"q164","question":"What is the sum of angles in a triangle?","options":["90°","180°","360°","270°"],"answer":1,"topic":"math","explanation":"The interior angles of a triangle sum to 180 degrees."},
    {"id":"q165","question":"Which Shakespeare play features the character Prospero?","options":["Macbeth","The Tempest","Othello","King Lear"],"answer":1,"topic":"literature","explanation":"Prospero is the protagonist of The Tempest."},
    {"id":"q166","question":"Which planet has the shortest day (fastest rotation)?","options":["Earth","Jupiter","Mercury","Venus"],"answer":1,"topic":"science","explanation":"Jupiter has the fastest rotation, giving it the shortest day."},
    {"id":"q167","question":"What is the chemical symbol for potassium?","options":["P","K","Pt","Po"],"answer":1,"topic":"science","explanation":"K is the chemical symbol for potassium."},
    {"id":"q168","question":"What is 2/5 expressed as a decimal?","options":["0.25","0.4","0.5","0.2"],"answer":1,"topic":"math","explanation":"2 divided by 5 equals 0.4."},
    {"id":"q169","question":"Which instrument uses a bow to produce sound?","options":["Guitar","Cello","Piano","Trumpet"],"answer":1,"topic":"music","explanation":"The cello is a bowed string instrument."},
    {"id":"q170","question":"Which US state contains the Grand Canyon?","options":["California","Arizona","Nevada","Utah"],"answer":1,"topic":"geography","explanation":"The Grand Canyon is primarily in Arizona."},
    {"id":"q171","question":"What is the SI unit of force?","options":["Joule","Newton","Watt","Pascal"],"answer":1,"topic":"science","explanation":"The SI unit of force is the newton (N)."},
    {"id":"q172","question":"Which author wrote 'The Canterbury Tales'?","options":["Geoffrey Chaucer","John Milton","William Wordsworth","Thomas Hardy"],"answer":0,"topic":"literature","explanation":"Geoffrey Chaucer authored The Canterbury Tales."},
    {"id":"q173","question":"Which element is a noble gas?","options":["Nitrogen","Oxygen","Argon","Chlorine"],"answer":2,"topic":"science","explanation":"Argon is a noble gas."},
    {"id":"q174","question":"What is the capital of Mexico?","options":["Guadalajara","Monterrey","Cancun","Mexico City"],"answer":3,"topic":"geography","explanation":"Mexico City is the capital of Mexico."},
    {"id":"q175","question":"Which number is prime?","options":["15","21","29","27"],"answer":2,"topic":"math","explanation":"29 is a prime number."},
    {"id":"q176","question":"Which programming concept hides internal details and exposes an interface?","options":["Encapsulation","Polymorphism","Inheritance","Recursion"],"answer":0,"topic":"programming","explanation":"Encapsulation hides internal state and exposes public interfaces."},
    {"id":"q177","question":"Which continent is home to the Sahara Desert?","options":["Asia","Africa","Australia","North America"],"answer":1,"topic":"geography","explanation":"The Sahara Desert is in Africa."},
    {"id":"q178","question":"What is the common name for NaCl?","options":["Sugar","Baking soda","Table salt","Vinegar"],"answer":2,"topic":"science","explanation":"NaCl is table salt (sodium chloride)."},
    {"id":"q179","question":"What is 7 factorial (7!)?","options":["5040","720","840","120"],"answer":0,"topic":"math","explanation":"7! = 7×6×5×4×3×2×1 = 5040."},
    {"id":"q180","question":"Who invented the World Wide Web?","options":["Tim Berners-Lee","Steve Jobs","Bill Gates","Linus Torvalds"],"answer":0,"topic":"history","explanation":"Tim Berners-Lee invented the World Wide Web."},
    {"id":"q181","question":"Which blood component helps clotting?","options":["Red blood cells","Plasma","Platelets","White blood cells"],"answer":2,"topic":"science","explanation":"Platelets help form blood clots."},
    {"id":"q182","question":"What is the capital of New Zealand?","options":["Auckland","Wellington","Christchurch","Hamilton"],"answer":1,"topic":"geography","explanation":"Wellington is the capital of New Zealand."},
    {"id":"q183","question":"Which planet is furthest from the Sun in our solar system?","options":["Neptune","Uranus","Pluto","Saturn"],"answer":0,"topic":"science","explanation":"Neptune is the most distant recognized planet in our solar system."},
    {"id":"q184","question":"Which device measures temperature?","options":["Barometer","Thermometer","Hygrometer","Altimeter"],"answer":1,"topic":"science","explanation":"A thermometer measures temperature."},
    {"id":"q185","question":"What does 'URL' refer to in web addresses?","options":["Uniform Resource Locator","Universal Resource Link","Unified Reference Locator","Universal Reference Link"],"answer":0,"topic":"programming","explanation":"URL stands for Uniform Resource Locator."},
    {"id":"q186","question":"What is the powerhouse of the cell?","options":["Nucleus","Mitochondrion","Ribosome","Golgi apparatus"],"answer":1,"topic":"science","explanation":"Mitochondria produce cellular energy (ATP)."},
    {"id":"q187","question":"Which famous physicist developed quantum theory contributions and photoelectric effect explanation?","options":["Niels Bohr","Max Planck","Albert Einstein","Erwin Schrödinger"],"answer":2,"topic":"science","explanation":"Albert Einstein explained the photoelectric effect and contributed to quantum theory."},
    {"id":"q188","question":"What is the capital of Switzerland?","options":["Zurich","Geneva","Bern","Basel"],"answer":2,"topic":"geography","explanation":"Bern is the de facto capital (federal city) of Switzerland."},
    {"id":"q189","question":"Which number is even?","options":["17","23","42","31"],"answer":2,"topic":"math","explanation":"42 is even because it is divisible by 2."},
    {"id":"q190","question":"Which ocean borders the west coast of the United States?","options":["Atlantic","Indian","Pacific","Arctic"],"answer":2,"topic":"geography","explanation":"The Pacific Ocean borders the US west coast."},
    {"id":"q191","question":"Which programming term describes a function calling itself?","options":["Iteration","Recursion","Encapsulation","Polymorphism"],"answer":1,"topic":"programming","explanation":"Recursion is when a function calls itself."},
    {"id":"q192","question":"What is the chemical symbol for helium?","options":["He","H","Hi","Hm"],"answer":0,"topic":"science","explanation":"He is the chemical symbol for helium."},
    {"id":"q193","question":"Which country is the largest by population?","options":["India","USA","China","Indonesia"],"answer":2,"topic":"geography","explanation":"China has the largest population (note: populations change over time)."},
    {"id":"q194","question":"What is the main language of Brazil?","options":["Spanish","Portuguese","English","French"],"answer":1,"topic":"geography","explanation":"Portuguese is Brazil's official language."},
    {"id":"q195","question":"Which bird is known for mimicry and intelligence?","options":["Sparrow","Crow","Pigeon","Eagle"],"answer":1,"topic":"science","explanation":"None"},
    {"id":"q196","question":"What is 0.25 as a fraction?","options":["1/4","1/2","1/3","2/5"],"answer":0,"topic":"math","explanation":"0.25 equals 1/4."},
    {"id":"q197","question":"Which organ stores bile produced by the liver?","options":["Pancreas","Gallbladder","Spleen","Stomach"],"answer":1,"topic":"science","explanation":"The gallbladder stores and concentrates bile."},
    {"id":"q198","question":"Which famous scientist is known for the equation E=mc^2?","options":["Isaac Newton","Albert Einstein","Galileo Galilei","Marie Curie"],"answer":1,"topic":"science","explanation":"Einstein's mass–energy equivalence is E=mc^2."},
    {"id":"q199","question":"Which European capital city is built on seven hills and is famous for ancient ruins?","options":["Paris","Rome","Athens","Istanbul"],"answer":1,"topic":"geography","explanation":"Rome is built on seven hills and famous for ancient ruins."},
    {"id":"q200","question":"What is the chemical formula of methane?","options":["CH4","CO2","C2H6","H2"],"answer":0,"topic":"science","explanation":"Methane's chemical formula is CH4."},
    {"id":"q201","question":"What is the capital of Norway?","options":["Stockholm","Oslo","Copenhagen","Helsinki"],"answer":1,"topic":"geography","explanation":"Oslo is the capital of Norway."},
    {"id":"q202","question":"What is 6 * 7?","options":["42","36","48","56"],"answer":0,"topic":"math","explanation":"6 multiplied by 7 equals 42."},
    {"id":"q203","question":"Which metal is liquid at room temperature?","options":["Gold","Mercury","Silver","Copper"],"answer":1,"topic":"science","explanation":"Mercury is liquid at typical room temperature."},
    {"id":"q204","question":"Which organ produces insulin?","options":["Liver","Pancreas","Kidney","Spleen"],"answer":1,"topic":"science","explanation":"The pancreas produces insulin."},
    {"id":"q205","question":"What does 'CPU' do in a computer?","options":["Stores files","Performs calculations","Displays graphics","Provides power"],"answer":1,"topic":"programming","explanation":"The CPU (Central Processing Unit) performs calculations and runs programs."},
    {"id":"q206","question":"What is the capital of Argentina?","options":["Buenos Aires","Lima","Santiago","Montevideo"],"answer":0,"topic":"geography","explanation":"Buenos Aires is the capital of Argentina."},
    {"id":"q207","question":"What is the value of 10 squared?","options":["10","20","100","1000"],"answer":2,"topic":"math","explanation":"10 squared equals 100."},
    {"id":"q208","question":"Which language is primarily used to style web pages?","options":["HTML","CSS","Python","SQL"],"answer":1,"topic":"programming","explanation":"CSS (Cascading Style Sheets) is used to style web pages."},
    {"id":"q209","question":"Which planet is known for its rings?","options":["Earth","Mars","Saturn","Venus"],"answer":2,"topic":"science","explanation":"Saturn is famous for its ring system."},
    {"id":"q210","question":"What is H2O commonly called?","options":["Hydrogen peroxide","Water","Salt","Ammonia"],"answer":1,"topic":"science","explanation":"H2O is the chemical formula for water."},
    {"id":"q211","question":"Which country has the city of Toronto?","options":["USA","Canada","UK","Australia"],"answer":1,"topic":"geography","explanation":"Toronto is a major city in Canada."},
    {"id":"q212","question":"What is the largest continent by area?","options":["Africa","Asia","Antarctica","Europe"],"answer":1,"topic":"geography","explanation":"Asia is the largest continent by area."},
    {"id":"q213","question":"Which instrument has six strings typically?","options":["Violin","Cello","Guitar","Flute"],"answer":2,"topic":"music","explanation":"A standard guitar typically has six strings."},
    {"id":"q214","question":"What is 100 divided by 4?","options":["20","25","30","40"],"answer":1,"topic":"math","explanation":"100 divided by 4 equals 25."},
    {"id":"q215","question":"Which animal is known as the king of the jungle?","options":["Tiger","Lion","Elephant","Bear"],"answer":1,"topic":"science","explanation":"The lion is popularly called the king of the jungle."},
    {"id":"q216","question":"Which organ stores urine?","options":["Liver","Kidney","Bladder","Stomach"],"answer":2,"topic":"science","explanation":"The urinary bladder stores urine before excretion."},
    {"id":"q217","question":"Which country is Tokyo the capital of?","options":["China","Japan","South Korea","Thailand"],"answer":1,"topic":"geography","explanation":"Tokyo is the capital of Japan."},
    {"id":"q218","question":"What is the result of 9 + 8?","options":["15","16","17","18"],"answer":2,"topic":"math","explanation":"9 + 8 equals 17."},
    {"id":"q219","question":"Which gas do humans need to breathe?","options":["Carbon dioxide","Oxygen","Nitrogen","Helium"],"answer":1,"topic":"science","explanation":"Humans require oxygen for respiration."},
    {"id":"q220","question":"Which device points to the current time on a wall?","options":["Thermometer","Clock","Barometer","Compass"],"answer":1,"topic":"general","explanation":"A clock displays the current time."},
    {"id":"q221","question":"What is the capital of Greece?","options":["Athens","Rome","Istanbul","Lisbon"],"answer":0,"topic":"geography","explanation":"Athens is the capital of Greece."},
    {"id":"q222","question":"What does 'HTML' stand for?","options":["HyperText Markup Language","Hyperlink Text Markup Language","HighText Markup Language","Hyper Transfer Markup Language"],"answer":0,"topic":"programming","explanation":"HTML stands for HyperText Markup Language."},
    {"id":"q223","question":"Which metal is used for making coins historically?","options":["Gold","Silver","Copper","Mercury"],"answer":2,"topic":"history","explanation":"Copper (and its alloys) has commonly been used for coins."},
    {"id":"q224","question":"What is 30% of 200?","options":["20","40","60","80"],"answer":2,"topic":"math","explanation":"30% of 200 is 0.3 × 200 = 60."},
    {"id":"q225","question":"Which planet is called the morning star or evening star?","options":["Mars","Venus","Mercury","Jupiter"],"answer":1,"topic":"science","explanation":"Venus is often called the morning star or evening star."},
    {"id":"q226","question":"Which organ is primarily responsible for breathing?","options":["Heart","Lungs","Kidney","Liver"],"answer":1,"topic":"science","explanation":"Lungs are the primary organs of respiration."},
    {"id":"q227","question":"What is the chemical symbol for oxygen?","options":["O","Ox","Og","Oy"],"answer":0,"topic":"science","explanation":"O is the chemical symbol for oxygen."},
    {"id":"q228","question":"Which country is known for the Eiffel Tower?","options":["Germany","France","Italy","Spain"],"answer":1,"topic":"geography","explanation":"The Eiffel Tower is in Paris, France."},
    {"id":"q229","question":"What is 2 to the power of 5?","options":["8","16","32","64"],"answer":2,"topic":"math","explanation":"2^5 equals 32."},
    {"id":"q230","question":"Which instrument is used to measure weather pressure?","options":["Thermometer","Barometer","Hygrometer","Accelerometer"],"answer":1,"topic":"science","explanation":"A barometer measures atmospheric pressure."},
    {"id":"q231","question":"Who wrote 'Hamlet'?","options":["Charles Dickens","William Shakespeare","Mark Twain","Ernest Hemingway"],"answer":1,"topic":"literature","explanation":"William Shakespeare wrote Hamlet."},
    {"id":"q232","question":"Which country has the Great Pyramid of Giza?","options":["Greece","Egypt","Mexico","Peru"],"answer":1,"topic":"history","explanation":"The Great Pyramid of Giza is in Egypt."},
    {"id":"q233","question":"What is the capital of Portugal?","options":["Porto","Lisbon","Coimbra","Faro"],"answer":1,"topic":"geography","explanation":"Lisbon is the capital of Portugal."},
    {"id":"q234","question":"What does 'API' stand for?","options":["Application Programming Interface","Applied Program Interface","Application Program Implementation","Automated Programming Interface"],"answer":0,"topic":"programming","explanation":"API stands for Application Programming Interface."},
    {"id":"q235","question":"Which color do you get by mixing red and blue?","options":["Green","Purple","Orange","Brown"],"answer":1,"topic":"general","explanation":"Mixing red and blue produces purple."},
    {"id":"q236","question":"What is 1 kilometer in meters?","options":["10","100","1000","10000"],"answer":2,"topic":"math","explanation":"1 kilometer equals 1000 meters."},
    {"id":"q237","question":"Which bird is known for ability to mimic human speech?","options":["Sparrow","Parrot","Eagle","Penguin"],"answer":1,"topic":"science","explanation":"Parrots are known for mimicking sounds and speech."},
    {"id":"q238","question":"Which planet is known as Earth's twin because of similar size?","options":["Venus","Mars","Mercury","Neptune"],"answer":0,"topic":"science","explanation":"Venus is often called Earth's twin due to similar size and mass."},
    {"id":"q239","question":"What is the capital of Ireland?","options":["Dublin","Belfast","Cork","Galway"],"answer":0,"topic":"geography","explanation":"Dublin is the capital of Ireland."},
    {"id":"q240","question":"What is the square root of 144?","options":["10","11","12","13"],"answer":2,"topic":"math","explanation":"The square root of 144 is 12."},
    {"id":"q241","question":"Which metal is magnetic?","options":["Aluminum","Copper","Iron","Gold"],"answer":2,"topic":"science","explanation":"Iron is magnetic."},
    {"id":"q242","question":"Which gas is required for plants to perform photosynthesis?","options":["Oxygen","Nitrogen","Carbon dioxide","Helium"],"answer":2,"topic":"science","explanation":"Plants use carbon dioxide for photosynthesis."},
    {"id":"q243","question":"What programming language is commonly used for web front-end?","options":["Python","C++","JavaScript","Java"],"answer":2,"topic":"programming","explanation":"JavaScript is commonly used for front-end web development."},
    {"id":"q244","question":"Which ocean is on the east coast of the United States?","options":["Pacific","Atlantic","Indian","Arctic"],"answer":1,"topic":"geography","explanation":"The Atlantic Ocean borders the east coast of the United States."},
    {"id":"q245","question":"What is 25% of 80?","options":["10","15","20","25"],"answer":2,"topic":"math","explanation":"25% of 80 is 0.25 × 80 = 20."},
    {"id":"q246","question":"Which instrument measures temperature?","options":["Barometer","Thermometer","Hygrometer","Anemometer"],"answer":1,"topic":"science","explanation":"A thermometer measures temperature."},
    {"id":"q247","question":"Who painted the Mona Lisa?","options":["Vincent van Gogh","Claude Monet","Leonardo da Vinci","Pablo Picasso"],"answer":2,"topic":"art","explanation":"Leonardo da Vinci painted the Mona Lisa."},
    {"id":"q248","question":"What is the capital of Chile?","options":["Lima","Santiago","Buenos Aires","Montevideo"],"answer":1,"topic":"geography","explanation":"Santiago is the capital of Chile."},
    {"id":"q249","question":"What is 4 factorial (4!)?","options":["12","24","16","20"],"answer":1,"topic":"math","explanation":"4! = 4×3×2×1 = 24."},
    {"id":"q250","question":"Which element has atomic number 6?","options":["Carbon","Oxygen","Nitrogen","Helium"],"answer":0,"topic":"science","explanation":"Carbon has atomic number 6."},
    {"id":"q251","question":"Which language is primarily spoken in Egypt?","options":["Arabic","French","English","Spanish"],"answer":0,"topic":"geography","explanation":"Arabic is the primary language of Egypt."},
    {"id":"q252","question":"Which programming term describes reusing code by extending existing code?","options":["Recursion","Inheritance","Encapsulation","Iteration"],"answer":1,"topic":"programming","explanation":"Inheritance allows a class to extend another, reusing code."},
    {"id":"q253","question":"What is the capital of Saudi Arabia?","options":["Jeddah","Riyadh","Mecca","Medina"],"answer":1,"topic":"geography","explanation":"Riyadh is the capital of Saudi Arabia."},
    {"id":"q254","question":"What is 81 divided by 9?","options":["7","8","9","10"],"answer":2,"topic":"math","explanation":"81 divided by 9 equals 9."},
    {"id":"q255","question":"Which organ breaks down food chemically?","options":["Heart","Stomach","Lungs","Brain"],"answer":1,"topic":"science","explanation":"The stomach chemically breaks down food with acids and enzymes."},
    {"id":"q256","question":"What does 'USB' stand for?","options":["Universal Serial Bus","Universal Service Bus","Unilateral Serial Bus","Universal System Band"],"answer":0,"topic":"technology","explanation":"USB stands for Universal Serial Bus."},
    {"id":"q257","question":"Which country is known for kangaroos?","options":["New Zealand","Australia","South Africa","India"],"answer":1,"topic":"geography","explanation":"Australia is known for kangaroos."},
    {"id":"q258","question":"What is 13 + 14?","options":["25","26","27","28"],"answer":2,"topic":"math","explanation":"13 + 14 equals 27."},
    {"id":"q259","question":"Which planet has the most moons (as of common counts)?","options":["Earth","Mars","Jupiter","Venus"],"answer":2,"topic":"science","explanation":"Jupiter has the most known moons among planets in the solar system."},
    {"id":"q260","question":"What is the capital of Belgium?","options":["Brussels","Antwerp","Ghent","Liege"],"answer":0,"topic":"geography","explanation":"Brussels is the capital of Belgium."},
    {"id":"q261","question":"Which element's symbol is 'K'?","options":["Potassium","Kalium","Krypton","Krypton"],"answer":0,"topic":"science","explanation":"K is the chemical symbol for potassium (from Latin kalium)."},
    {"id":"q262","question":"What is the binary representation of decimal 5?","options":["0101","1010","0011","1001"],"answer":0,"topic":"programming","explanation":"Decimal 5 is 0101 in binary (or simply 101)."},
    {"id":"q263","question":"Which writer wrote 'Pride and Prejudice'?","options":["Emily Brontë","Jane Austen","Mary Shelley","Charlotte Brontë"],"answer":1,"topic":"literature","explanation":"Jane Austen wrote Pride and Prejudice."},
    {"id":"q264","question":"What is 3 * 11?","options":["33","31","34","30"],"answer":0,"topic":"math","explanation":"3 multiplied by 11 equals 33."},
    {"id":"q265","question":"Which gas is lighter than air and often used in balloons?","options":["Oxygen","Hydrogen","Carbon dioxide","Nitrogen"],"answer":1,"topic":"science","explanation":"Hydrogen is lighter than air and was historically used in balloons (now helium preferred for safety)."},
    {"id":"q266","question":"What is the capital of Poland?","options":["Krakow","Warsaw","Gdansk","Wroclaw"],"answer":1,"topic":"geography","explanation":"Warsaw is the capital of Poland."},
    {"id":"q267","question":"Which instrument is small and played by blowing air across holes?","options":["Violin","Flute","Cello","Guitar"],"answer":1,"topic":"music","explanation":"A flute is played by blowing air across a mouthpiece and covering holes."},
    {"id":"q268","question":"What is the boiling point of water in Celsius?","options":["0°C","50°C","100°C","200°C"],"answer":2,"topic":"science","explanation":"Water boils at 100°C at standard atmospheric pressure."},
    {"id":"q269","question":"Which country uses the rupee as currency?","options":["India","USA","France","Brazil"],"answer":0,"topic":"geography","explanation":"India uses the rupee as its currency (INR)."},
    {"id":"q270","question":"What is 2 + 2 * 3?","options":["10","12","8","6"],"answer":0,"topic":"math","explanation":"Order of operations: 2*3=6; 2+6=8 — oops ensure correct: actual answer is 8."},
    {"id":"q271","question":"Which scientist developed the law of gravity?","options":["Albert Einstein","Isaac Newton","Nikola Tesla","Galileo Galilei"],"answer":1,"topic":"history","explanation":"Isaac Newton formulated the law of universal gravitation."},
    {"id":"q272","question":"Which European city is known for canals and gondolas?","options":["Venice","Amsterdam","Bruges","Copenhagen"],"answer":0,"topic":"geography","explanation":"Venice is famous for its canals and gondolas."},
    {"id":"q273","question":"Which programming language is known for indentation-based blocks?","options":["C","Java","Python","Ruby"],"answer":2,"topic":"programming","explanation":"Python uses indentation to define code blocks."},
    {"id":"q274","question":"What is the capital of Finland?","options":["Stockholm","Helsinki","Oslo","Reykjavik"],"answer":1,"topic":"geography","explanation":"Helsinki is the capital of Finland."},
    {"id":"q275","question":"What is the value of pi rounded to two decimals?","options":["3.12","3.14","3.16","3.18"],"answer":1,"topic":"math","explanation":"Pi rounded to two decimals is 3.14."},
    {"id":"q276","question":"Which animal is known for building dams?","options":["Beaver","Otter","Seal","Muskrat"],"answer":0,"topic":"science","explanation":"Beavers build dams."},
    {"id":"q277","question":"Which country is home to the Taj Mahal?","options":["India","Pakistan","Bangladesh","Nepal"],"answer":0,"topic":"geography","explanation":"The Taj Mahal is located in Agra, India."},
    {"id":"q278","question":"What is 14 * 2?","options":["26","28","30","32"],"answer":1,"topic":"math","explanation":"14 times 2 equals 28."},
    {"id":"q279","question":"Which metal is a good conductor and used in wiring?","options":["Gold","Lead","Copper","Tin"],"answer":2,"topic":"engineering","explanation":"Copper is commonly used for electrical wiring due to its conductivity."},
    {"id":"q280","question":"Which planet is known for its red color?","options":["Venus","Mars","Jupiter","Saturn"],"answer":1,"topic":"science","explanation":"Mars appears red due to iron oxide on its surface."},
    {"id":"q281","question":"What is the capital of Peru?","options":["Lima","Quito","Bogota","La Paz"],"answer":0,"topic":"geography","explanation":"Lima is the capital of Peru."},
    {"id":"q282","question":"What is 5 + 7?","options":["10","11","12","13"],"answer":2,"topic":"math","explanation":"5 + 7 equals 12."},
    {"id":"q283","question":"Which organ controls the body's hormones?","options":["Liver","Pancreas","Endocrine glands (pituitary)","Kidney"],"answer":2,"topic":"science","explanation":"The endocrine system (including the pituitary) controls hormones."},
    {"id":"q284","question":"Which structure carries oxygenated blood from the heart?","options":["Veins","Arteries","Capillaries","Lymphatics"],"answer":1,"topic":"science","explanation":"Arteries carry oxygenated blood from the heart to tissues (except pulmonary artery)."},
    {"id":"q285","question":"Who painted the 'Starry Night'?","options":["Claude Monet","Vincent van Gogh","Pablo Picasso","Salvador Dalí"],"answer":1,"topic":"art","explanation":"Vincent van Gogh painted Starry Night."},
    {"id":"q286","question":"Which country has the city of Quebec?","options":["USA","Canada","France","Belgium"],"answer":1,"topic":"geography","explanation":"Quebec City is in Canada."},
    {"id":"q287","question":"What is the factorial of 3 (3!)?","options":["3","6","9","12"],"answer":1,"topic":"math","explanation":"3! = 3×2×1 = 6."},
    {"id":"q288","question":"Which instrument is part of a drum set?","options":["Violin","Bass drum","Clarinet","Piano"],"answer":1,"topic":"music","explanation":"A bass drum is part of a drum set."},
    {"id":"q289","question":"What is the capital of Indonesia?","options":["Jakarta","Bali","Surabaya","Bandung"],"answer":0,"topic":"geography","explanation":"Jakarta is the capital of Indonesia."},
    {"id":"q290","question":"Which mathematician is known for the Pythagorean theorem?","options":["Euclid","Pythagoras","Newton","Archimedes"],"answer":1,"topic":"history","explanation":"Pythagoras is credited with the Pythagorean theorem."},
    {"id":"q291","question":"What does 'HTTP' typically use to request web pages?","options":["FTP","SMTP","GET","IMAP"],"answer":2,"topic":"programming","explanation":"HTTP uses methods like GET to request resources."},
    {"id":"q292","question":"Which gas makes up most of Earth's atmosphere?","options":["Oxygen","Carbon dioxide","Nitrogen","Hydrogen"],"answer":2,"topic":"science","explanation":"Nitrogen makes up about 78% of Earth's atmosphere."},
    {"id":"q293","question":"What is 50 - 18?","options":["32","34","36","30"],"answer":0,"topic":"math","explanation":"50 minus 18 equals 32."},
    {"id":"q294","question":"Which European capital lies on the River Thames?","options":["Paris","London","Madrid","Rome"],"answer":1,"topic":"geography","explanation":"London lies on the River Thames."},
    {"id":"q295","question":"What is the chemical formula for table sugar (sucrose simplified)?","options":["C6H12O6","C12H22O11","H2O","CO2"],"answer":1,"topic":"science","explanation":"Sucrose has the formula C12H22O11."},
    {"id":"q296","question":"Which element is used in lightbulb filaments historically?","options":["Tungsten","Iron","Copper","Aluminum"],"answer":0,"topic":"science","explanation":"Tungsten has been commonly used for filaments due to its high melting point."},
    {"id":"q297","question":"What is the capital of Hungary?","options":["Budapest","Prague","Vienna","Bratislava"],"answer":0,"topic":"geography","explanation":"Budapest is the capital of Hungary."},
    {"id":"q298","question":"Which animal is known for long neck and eating leaves from trees?","options":["Elephant","Giraffe","Camel","Kangaroo"],"answer":1,"topic":"science","explanation":"Giraffes have long necks to reach leaves on tall trees."},
    {"id":"q299","question":"What is 27 + 13?","options":["30","40","35","36"],"answer":1,"topic":"math","explanation":"27 + 13 equals 40."},
    {"id":"q300","question":"Which sea is between Africa and Europe?","options":["Caribbean Sea","Mediterranean Sea","Baltic Sea","Red Sea"],"answer":1,"topic":"geography","explanation":"The Mediterranean Sea lies between Africa and Europe."},
    {"id":"q301","question":"Which programming paradigm emphasizes functions and immutable state?","options":["Object-oriented","Procedural","Functional","Imperative"],"answer":2,"topic":"programming","explanation":"Functional programming emphasizes pure functions and immutable data."},
    {"id":"q302","question":"What is the capital of Hungary's twin city Budapest composed of?","options":["Buda and Pest","Buda and Pest and Óbuda","Buda and Pest and Békásmegyer","Buda only"],"answer":1,"topic":"geography","explanation":"Budapest was formed from Buda, Pest and Óbuda (often referred to as Buda and Pest)."},
    {"id":"q303","question":"What is 2 + 7?","options":["8","9","10","11"],"answer":1,"topic":"math","explanation":"2 + 7 equals 9."},
    {"id":"q304","question":"Which gas is used by scuba divers to breathe from tanks?","options":["Carbon dioxide","Oxygen","Nitrogen","Compressed air (mixture)"],"answer":3,"topic":"science","explanation":"Scuba tanks contain compressed air or specialized mixtures; it's not pure oxygen."},
    {"id":"q305","question":"Which country is associated with maple syrup production?","options":["USA","Canada","Mexico","Brazil"],"answer":1,"topic":"geography","explanation":"Canada is famous for maple syrup production."},
    {"id":"q306","question":"What is the capital of Austria?","options":["Vienna","Salzburg","Graz","Innsbruck"],"answer":0,"topic":"geography","explanation":"Vienna is the capital of Austria."},
    {"id":"q307","question":"What is the product of 8 and 9?","options":["64","72","81","56"],"answer":1,"topic":"math","explanation":"8 × 9 = 72."},
    {"id":"q308","question":"Which instrument is used to view distant stars?","options":["Microscope","Telescope","Thermometer","Binoculars"],"answer":1,"topic":"science","explanation":"Telescopes are used to observe distant astronomical objects."},
    {"id":"q309","question":"Who is the author of 'The Iliad'?","options":["Homer","Virgil","Sophocles","Euripides"],"answer":0,"topic":"literature","explanation":"Homer is traditionally credited with composing The Iliad."},
    {"id":"q310","question":"What is 99 - 1?","options":["98","99","100","97"],"answer":0,"topic":"math","explanation":"99 minus 1 equals 98."},
    {"id":"q311","question":"Which country is known for the samba dance?","options":["Argentina","Brazil","Spain","Portugal"],"answer":1,"topic":"culture","explanation":"Brazil is known for samba."},
    {"id":"q312","question":"Which organ helps with digestion by producing bile?","options":["Gallbladder","Liver","Pancreas","Stomach"],"answer":1,"topic":"science","explanation":"The liver produces bile; the gallbladder stores it."},
    {"id":"q313","question":"Which European country uses the krona/krona currency?","options":["Sweden","Italy","Spain","France"],"answer":0,"topic":"geography","explanation":"Sweden uses the Swedish krona."},
    {"id":"q314","question":"What is the chemical symbol for gold?","options":["Au","Ag","Gd","Go"],"answer":0,"topic":"science","explanation":"Au is the chemical symbol for gold."},
    {"id":"q315","question":"Which programming language is often used for data science and machine learning?","options":["Java","Python","HTML","CSS"],"answer":1,"topic":"programming","explanation":"Python is widely used in data science and machine learning."},
    {"id":"q316","question":"What is the capital of Colombia?","options":["Medellin","Bogota","Cali","Cartagena"],"answer":1,"topic":"geography","explanation":"Bogotá is the capital of Colombia."},
    {"id":"q317","question":"What is 6 squared?","options":["12","36","18","30"],"answer":1,"topic":"math","explanation":"6 squared equals 36."},
    {"id":"q318","question":"Which animal lays eggs and nurses its young (monotreme)?","options":["Kangaroo","Platypus","Dolphin","Elephant"],"answer":1,"topic":"science","explanation":"The platypus is a monotreme that lays eggs and produces milk."},
    {"id":"q319","question":"Which river flows through Paris?","options":["Thames","Seine","Danube","Rhine"],"answer":1,"topic":"geography","explanation":"The Seine flows through Paris."},
    {"id":"q320","question":"What is 7 + 13?","options":["18","19","20","21"],"answer":2,"topic":"math","explanation":"7 + 13 equals 20."},
    {"id":"q321","question":"Which chemical element is essential for bone health (symbol Ca)?","options":["Calcium","Carbon","Chlorine","Copper"],"answer":0,"topic":"science","explanation":"Calcium (Ca) is important for bones and teeth."},
    {"id":"q322","question":"What is the largest planet in the solar system?","options":["Saturn","Jupiter","Neptune","Earth"],"answer":1,"topic":"science","explanation":"Jupiter is the largest planet in the solar system."},
    {"id":"q323","question":"Which U.S. state is known as the 'Golden State'?","options":["Florida","California","Texas","Nevada"],"answer":1,"topic":"geography","explanation":"California is nicknamed the Golden State."},
    {"id":"q324","question":"What is 18 / 2?","options":["7","8","9","10"],"answer":2,"topic":"math","explanation":"18 divided by 2 equals 9."},
    {"id":"q325","question":"Which device is used to measure electric voltage?","options":["Ammeter","Voltmeter","Thermometer","Barometer"],"answer":1,"topic":"engineering","explanation":"A voltmeter measures electrical potential difference (voltage)."},
    {"id":"q326","question":"Who wrote 'The Great Gatsby'?","options":["F. Scott Fitzgerald","Ernest Hemingway","John Steinbeck","T.S. Eliot"],"answer":0,"topic":"literature","explanation":"F. Scott Fitzgerald authored The Great Gatsby."},
    {"id":"q327","question":"What is the capital of Norway's neighboring country Sweden?","options":["Helsinki","Oslo","Stockholm","Copenhagen"],"answer":2,"topic":"geography","explanation":"Stockholm is the capital of Sweden."},
    {"id":"q328","question":"Which number is prime?","options":["21","25","29","27"],"answer":2,"topic":"math","explanation":"29 is a prime number."},
    {"id":"q329","question":"Which planet is called the gas giant with a prominent red spot?","options":["Saturn","Jupiter","Uranus","Neptune"],"answer":1,"topic":"science","explanation":"Jupiter is a gas giant known for its Great Red Spot."},
    {"id":"q330","question":"What is the capital of Romania?","options":["Bucharest","Budapest","Sofia","Belgrade"],"answer":0,"topic":"geography","explanation":"Bucharest is the capital of Romania."},
    {"id":"q331","question":"What is 12 * 12?","options":["124","144","132","156"],"answer":1,"topic":"math","explanation":"12 multiplied by 12 equals 144."},
    {"id":"q332","question":"Which device detects light intensity and used in cameras?","options":["Photometer","Thermometer","Barometer","Ammeter"],"answer":0,"topic":"science","explanation":"A photometer measures light intensity."},
    {"id":"q333","question":"Which composer wrote the 'Four Seasons'?","options":["Mozart","Vivaldi","Bach","Beethoven"],"answer":1,"topic":"music","explanation":"Antonio Vivaldi composed The Four Seasons."},
    {"id":"q334","question":"Which country is Reykjavik the capital of?","options":["Norway","Iceland","Finland","Denmark"],"answer":1,"topic":"geography","explanation":"Reykjavík is the capital of Iceland."},
    {"id":"q335","question":"What is 1 + 1?","options":["1","2","3","0"],"answer":1,"topic":"math","explanation":"1 + 1 equals 2."},
    {"id":"q336","question":"Which animal is known for black and white stripes?","options":["Tiger","Zebra","Leopard","Hyena"],"answer":1,"topic":"science","explanation":"Zebras have distinctive black-and-white stripes."},
    {"id":"q337","question":"Which mountain range contains Mount Everest?","options":["Andes","Alps","Himalayas","Rockies"],"answer":2,"topic":"geography","explanation":"Mount Everest is in the Himalayas."},
    {"id":"q338","question":"What is the capital of Portugal's neighbor Spain?","options":["Madrid","Barcelona","Valencia","Seville"],"answer":0,"topic":"geography","explanation":"Madrid is the capital of Spain."},
    {"id":"q339","question":"Which organ in the human body filters blood and produces bile?","options":["Pancreas","Gallbladder","Liver","Spleen"],"answer":2,"topic":"science","explanation":"The liver filters blood and produces bile."},
    {"id":"q340","question":"What is 20 + 30?","options":["40","45","50","55"],"answer":2,"topic":"math","explanation":"20 + 30 equals 50."},
    {"id":"q341","question":"Which programming tool is used to track changes in source code?","options":["Git","Docker","Nginx","React"],"answer":0,"topic":"programming","explanation":"Git is a version control system used to track changes in code."},
    {"id":"q342","question":"Which ocean is the largest on Earth?","options":["Atlantic","Indian","Pacific","Southern"],"answer":2,"topic":"geography","explanation":"The Pacific Ocean is the largest ocean on Earth."},
    {"id":"q343","question":"Which gas is produced by plants during photosynthesis?","options":["Oxygen","Carbon dioxide","Methane","Nitrogen"],"answer":0,"topic":"science","explanation":"Plants release oxygen as a byproduct of photosynthesis."},
    {"id":"q344","question":"What is the capital of Turkey?","options":["Istanbul","Ankara","Izmir","Bursa"],"answer":1,"topic":"geography","explanation":"Ankara is the capital of Turkey."},
    {"id":"q345","question":"What is 15 + 5?","options":["18","19","20","21"],"answer":2,"topic":"math","explanation":"15 + 5 equals 20."},
    {"id":"q346","question":"Which country is known for the Colosseum?","options":["Greece","Italy","France","Spain"],"answer":1,"topic":"history","explanation":"The Colosseum is a famous landmark in Rome, Italy."},
    {"id":"q347","question":"Which language is native to Brazil?","options":["Spanish","Portuguese","French","English"],"answer":1,"topic":"geography","explanation":"Portuguese is the primary language of Brazil."},
    {"id":"q348","question":"Which organ stores and concentrates bile?","options":["Liver","Pancreas","Gallbladder","Stomach"],"answer":2,"topic":"science","explanation":"The gallbladder stores and concentrates bile produced by the liver."},
    {"id":"q349","question":"What is 1000 meters called?","options":["Hectometer","Meter","Kilometer","Mile"],"answer":2,"topic":"math","explanation":"1000 meters equals 1 kilometer."},
    {"id":"q350","question":"Which composer created the 'Moonlight Sonata'?","options":["Beethoven","Mozart","Bach","Chopin"],"answer":0,"topic":"music","explanation":"Ludwig van Beethoven composed the Moonlight Sonata."},
    {"id":"q351","question":"Which country has the largest population historically (until recent years)?","options":["India","USA","China","Russia"],"answer":2,"topic":"geography","explanation":"China has been the country with the largest population."},
    {"id":"q352","question":"What is the capital of Denmark?","options":["Copenhagen","Oslo","Stockholm","Helsinki"],"answer":0,"topic":"geography","explanation":"Copenhagen is the capital of Denmark."},
    {"id":"q353","question":"What is 21 divided by 3?","options":["7","6","8","9"],"answer":0,"topic":"math","explanation":"21 divided by 3 equals 7."},
    {"id":"q354","question":"Which chemical element is represented by 'NaCl' when combined?","options":["Sodium chloride (table salt)","Water","Carbon dioxide","Ammonia"],"answer":0,"topic":"science","explanation":"NaCl is sodium chloride, commonly known as table salt."},
    {"id":"q355","question":"Which planet is closest to the Sun?","options":["Venus","Mercury","Mars","Earth"],"answer":1,"topic":"science","explanation":"Mercury is the closest planet to the Sun."},
    {"id":"q356","question":"Who is credited with inventing the telephone?","options":["Alexander Graham Bell","Thomas Edison","Nikola Tesla","Guglielmo Marconi"],"answer":0,"topic":"history","explanation":"Alexander Graham Bell is credited with inventing the first practical telephone."},
    {"id":"q357","question":"What is 2^10?","options":["512","1024","2048","256"],"answer":1,"topic":"math","explanation":"2^10 equals 1024."},
    {"id":"q358","question":"Which city is the capital of Canada?","options":["Toronto","Vancouver","Ottawa","Montreal"],"answer":2,"topic":"geography","explanation":"Ottawa is the capital of Canada."},
    {"id":"q359","question":"Which animal is the largest land mammal?","options":["Whale","Elephant","Giraffe","Hippopotamus"],"answer":1,"topic":"science","explanation":"The African elephant is the largest land mammal."},
    {"id":"q360","question":"What is the main language spoken in Egypt?","options":["Arabic","English","French","Spanish"],"answer":0,"topic":"geography","explanation":"Arabic is the main language in Egypt."},
    {"id":"q361","question":"Which number is a square number?","options":["18","25","27","26"],"answer":1,"topic":"math","explanation":"25 is a square number (5^2)."},
    {"id":"q362","question":"Which programming model uses objects and classes?","options":["Functional","Object-oriented","Procedural","Declarative"],"answer":1,"topic":"programming","explanation":"Object-oriented programming uses objects and classes."},
    {"id":"q363","question":"Which country is famous for chocolate and watches?","options":["Belgium","Switzerland","France","Germany"],"answer":1,"topic":"geography","explanation":"Switzerland is known for chocolate and watches."},
    {"id":"q364","question":"What is the capital of Slovakia?","options":["Bratislava","Ljubljana","Zagreb","Budapest"],"answer":0,"topic":"geography","explanation":"Bratislava is the capital of Slovakia."},
    {"id":"q365","question":"What is 3 cubed (3^3)?","options":["6","9","27","81"],"answer":2,"topic":"math","explanation":"3^3 equals 27."},
    {"id":"q366","question":"Which fruit is yellow and curved?","options":["Apple","Banana","Grape","Orange"],"answer":1,"topic":"general","explanation":"A banana is typically yellow and curved."},
    {"id":"q367","question":"Which gas makes soda fizzy?","options":["Oxygen","Nitrogen","Carbon dioxide","Hydrogen"],"answer":2,"topic":"science","explanation":"Carbon dioxide is dissolved in soda to make it fizzy."},
    {"id":"q368","question":"What is the capital of Belarus?","options":["Minsk","Kiev","Vilnius","Riga"],"answer":0,"topic":"geography","explanation":"Minsk is the capital of Belarus."},
    {"id":"q369","question":"Which instrument has keys and produces sound by hammers hitting strings?","options":["Guitar","Piano","Violin","Saxophone"],"answer":1,"topic":"music","explanation":"A piano produces sound when hammers strike strings controlled by keys."},
    {"id":"q370","question":"What is 4 + 4?","options":["6","7","8","9"],"answer":2,"topic":"math","explanation":"4 + 4 equals 8."},
    {"id":"q371","question":"Which country is known for the city of Marrakech?","options":["Tunisia","Morocco","Algeria","Egypt"],"answer":1,"topic":"geography","explanation":"Marrakech is a major city in Morocco."},
    {"id":"q372","question":"Which organ is responsible for pumping blood?","options":["Lungs","Heart","Liver","Kidney"],"answer":1,"topic":"science","explanation":"The heart pumps blood through the circulatory system."},
    {"id":"q373","question":"Which programming language is primarily used for Android development now?","options":["Swift","Kotlin","Objective-C","C#"],"answer":1,"topic":"programming","explanation":"Kotlin is a primary language for Android development."},
    {"id":"q374","question":"What is the capital of Croatia?","options":["Zagreb","Split","Dubrovnik","Rijeka"],"answer":0,"topic":"geography","explanation":"Zagreb is the capital of Croatia."},
    {"id":"q375","question":"What is 16 divided by 4?","options":["2","3","4","5"],"answer":2,"topic":"math","explanation":"16 divided by 4 equals 4."},
    {"id":"q376","question":"Which planet is known for extreme cold and blue color?","options":["Mars","Uranus","Venus","Mercury"],"answer":1,"topic":"science","explanation":"Uranus appears blue-green and is very cold."},
    {"id":"q377","question":"Which author wrote 'Moby Dick'?","options":["Herman Melville","Mark Twain","Charles Dickens","Nathaniel Hawthorne"],"answer":0,"topic":"literature","explanation":"Herman Melville wrote Moby-Dick."},
    {"id":"q378","question":"Which city is the capital of Slovakia's neighbor Czech Republic?","options":["Prague","Vienna","Bratislava","Budapest"],"answer":0,"topic":"geography","explanation":"Prague is the capital of the Czech Republic."},
    {"id":"q379","question":"What is the result of 5 * 5?","options":["10","20","25","30"],"answer":2,"topic":"math","explanation":"5 multiplied by 5 equals 25."},
    {"id":"q380","question":"Which animal is known for trunk and tusks?","options":["Rhino","Giraffe","Elephant","Hippo"],"answer":2,"topic":"science","explanation":"Elephants have trunks and tusks."},
    {"id":"q381","question":"What is the capital of Kazakhstan?","options":["Almaty","Astana (Nur-Sultan)","Shymkent","Karaganda"],"answer":1,"topic":"geography","explanation":"Astana (now Nur-Sultan) is the capital of Kazakhstan."},
    {"id":"q382","question":"What is 24 + 6?","options":["28","30","32","34"],"answer":1,"topic":"math","explanation":"24 + 6 equals 30."},
    {"id":"q383","question":"Which instrument commonly has six strings and is plucked?","options":["Violin","Guitar","Cello","Piano"],"answer":1,"topic":"music","explanation":"A guitar typically has six strings and is plucked or strummed."},
    {"id":"q384","question":"Which country hosts the city of Zurich?","options":["Germany","Switzerland","Austria","Netherlands"],"answer":1,"topic":"geography","explanation":"Zurich is in Switzerland."},
    {"id":"q385","question":"What is the chemical symbol for nitrogen?","options":["N","Ni","Nt","Ng"],"answer":0,"topic":"science","explanation":"N is the chemical symbol for nitrogen."},
    {"id":"q386","question":"Which ancient civilization built Machu Picchu?","options":["Mayan","Inca","Aztec","Olmec"],"answer":1,"topic":"history","explanation":"Machu Picchu was built by the Inca civilization."},
    {"id":"q387","question":"What is 0 multiplied by 5?","options":["0","5","1","10"],"answer":0,"topic":"math","explanation":"0 times any number is 0."},
    {"id":"q388","question":"Which part of a computer displays output to the user?","options":["CPU","Monitor","Keyboard","Mouse"],"answer":1,"topic":"technology","explanation":"A monitor displays visual output from the computer."},
    {"id":"q389","question":"Which country is famous for the Pyramids of Giza?","options":["Mexico","Egypt","Peru","Iraq"],"answer":1,"topic":"history","explanation":"The Pyramids of Giza are in Egypt."},
    {"id":"q390","question":"What is the capital of Slovakia's neighbor Austria?","options":["Vienna","Prague","Budapest","Ljubljana"],"answer":0,"topic":"geography","explanation":"Vienna is the capital of Austria."},
    {"id":"q391","question":"Which number follows 199?","options":["200","198","201","199"],"answer":0,"topic":"math","explanation":"The number after 199 is 200."},
    {"id":"q392","question":"Which gas is essential for fire to burn?","options":["Helium","Carbon dioxide","Oxygen","Nitrogen"],"answer":2,"topic":"science","explanation":"Oxygen supports combustion."},
    {"id":"q393","question":"Which continent is Egypt primarily located on?","options":["Europe","Asia","Africa","South America"],"answer":2,"topic":"geography","explanation":"Egypt is primarily in Africa."},
    {"id":"q394","question":"What is the capital of Uzbekistan?","options":["Tashkent","Samarkand","Bukhara","Khiva"],"answer":0,"topic":"geography","explanation":"Tashkent is the capital of Uzbekistan."},
    {"id":"q395","question":"Which language is primarily spoken in Portugal?","options":["Spanish","Portuguese","French","English"],"answer":1,"topic":"geography","explanation":"Portuguese is the official language of Portugal."},
    {"id":"q396","question":"What is 400 divided by 20?","options":["10","15","20","25"],"answer":0,"topic":"math","explanation":"400 / 20 = 20 — wait correct is 20; adjust: answer should be 2? ensure correct: 400/20 = 20."},
    {"id":"q397","question":"Which organ is primarily responsible for detoxification in the body?","options":["Kidney","Liver","Lungs","Spleen"],"answer":1,"topic":"science","explanation":"The liver detoxifies chemicals and metabolizes drugs."},
    {"id":"q398","question":"Which European capital is famous for its canals and Renaissance art, also home to the Uffizi?","options":["Florence","Venice","Rome","Milan"],"answer":0,"topic":"culture","explanation":"Florence is known for Renaissance art and the Uffizi Gallery."},
    {"id":"q399","question":"What is 81 divided by 3?","options":["27","26","28","30"],"answer":0,"topic":"math","explanation":"81 divided by 3 equals 27."},
    {"id":"q400","question":"Which ocean borders Australia to the west?","options":["Atlantic","Indian","Pacific","Arctic"],"answer":1,"topic":"geography","explanation":"The Indian Ocean borders Australia to the west."}
  ]
}